{
  "homeCamera": {
    "north": -8,
    "east": 158,
    "south": -45,
    "west": 109
  },
  "initialCamera":{
    "west":138.0043440412976,
    "south":-39.73503774906406,
    "east":152.21438646315625,
    "north":-32.710735180314614,
    "position":{
      "x":-4913684.626628613,
      "y":3426639.981206608,
      "z":-4394723.487485646
    },
    "direction":{
      "x":0.6597962685395861,
      "y":-0.46011993952080776,
      "z":0.5941031268025836
    },
    "up":{
      "x":-0.4873103477541479,
      "y":0.3398340039612549,
      "z":0.8043888827696423
    }
  },
  "catalog": [],
  "viewerMode": "3dSmooth",
  "baseMaps": {
    "defaultBaseMapId": "basemap-positron",
    "previewBaseMapId": "basemap-positron"
  }
}


